NICOBAR,7.0,93.0,-1,N
NORTH & MIDDLE ANDAMAN,12.61123865,92.83165406414926,-5,N
SOUTH ANDAMAN,10.7056905,92.48746789633373,19,N
ANJAW,28.1114301,96.82699963398373,-64,LD
CHANGLANG,27.1398402,95.7382485,35,E
DIBANG VALLEY,28.8291044,95.95540957636018,-22,D
EAST KAMENG,27.3,93.05,-28,D
EAST SIANG,28.3,95.15,-38,D
LOHIT,28.035016149999997,96.17135154220676,-7,N
LOWER DIBANG VALLEY,28.21495625,95.87877403567019,34,E
LOWER SUBANSIRI,27.8,93.6,-45,D
PAPUMPARA,27.2241,93.5003,-27,D
TAWANG,27.5879186,91.863733,-46,D
TIRAP,27.03016895,95.49791754505583,-29,D
UPPER SIANG,28.73120455,95.03773151350946,-30,D
UPPER SUBANSIRI,28.3,94.0,51,E
WEST KAMENG,27.4,92.35,-50,D
WEST SIANG,28.4,94.55,-34,D
BAKSA,45.9595045,18.0950419,8,N
BARPETA,26.34142215,91.01674328474073,-5,N
BONGAIGAON,26.412376950000002,90.57149765106257,-28,D
CACHAR,24.758639950000003,92.88166475768219,-7,N
CHIRANG,26.6464231,90.62415698729875,-35,D
DARRANG,26.75,92.5,-53,D
DHEMAJI,27.466831499999998,94.51786508708852,-26,D
DHUBRI,26.18178335,89.96876897646926,5,N
DIBRUGARH,27.4844597,94.9019447,-1,N
DIMA HASAO,25.400362549999997,93.07522922678905,-14,N
GOALPARA,26.1783623,90.6226683,-30,D
GOLAGHAT,26.40490095,94.03209112120626,-2,N
HAILAKANDI,24.68845365,92.57381528240943,10,N
JORHAT,26.7577925,94.2079645,-2,N
KAMRUP (RURAL),25.9411,91.2891,-36,D
KAMRUP METRO.,25.9411,91.2891,-3,N
KARBI ANGLONG,26.0,93.5,-15,N
KARIMGANJ,24.8647214,92.3681114,-9,N
KOKRAJHAR,26.46817205,90.42434746451536,-2,N
LAKHIMPUR,27.985060150000002,80.75384538357649,-20,D
MORIGAON,26.24860495,92.33879186815903,-10,N
NAGAON,26.3313646,92.75247628339588,-36,D
NALBARI,26.42386165,91.45122754621168,9,N
SIBSAGAR,26.96388985,94.58213344568205,-10,N
SHONITPUR,26.677,92.6984,-23,D
TINSUKIA,27.52016575,95.5306347312879,16,N
UDALGURI,26.70472375,92.04215071409463,-15,N
EAST GARO HILLS,25.61849455,90.63421621777749,80,LE
EAST JAINTIA HILLS,25.25157605,92.48405006942016,-49,D
EAST KHASI HILLS,25.40237355,91.83171775361184,29,E
NORTH GARO HILLS,25.8619841,90.70177048839348,-17,N
RI-BHOI,25.87640255,91.85675741641606,5,N
SOUTH GARO HILLS,25.347969,90.56577725964563,39,E
SOUTH WEST GARO HILLS,25.44463095,89.99696550020556,-47,D
SOUTH WEST KHASI HILLS,25.330722100000003,91.32173879770662,209,LE
WEST GARO HILLS,25.606314249999997,90.21139055037469,-1,N
WEST JAINTIA HILLS,25.4425965,92.29882747091773,-52,D
WEST KHASI HILLS,25.5814429,91.08510943564022,-16,N
DIMAPUR,25.911744,93.721703,-38,D
KIPHIRE,25.81138215,94.8494968258058,7,N
KOHIMA,25.6618755,94.1019156,-19,N
MOKOKCHUNG,26.4795861,94.51052754768273,-18,N
MON,50.445820850000004,3.977683401229719,25,E
PAREN,31.9893691,76.7532134,-12,N
PHEK,25.75,94.5,-52,D
TUENSANG,26.23421065,94.74155301538642,-55,D
WOKHA,26.166667,94.25,-54,D
ZUNHEBOTO,26.0,94.5,-26,D
BISHNUPUR,23.0757335,87.3146343,-9,N
CHANDEL,24.1700959,94.00596727469227,-40,D
CHURACHANDPUR,24.281310750000003,93.67603860087425,-53,D
IMPHAL EAST,24.85154025,94.00947957721581,50,E
IMPHAL WEST,24.757326,93.85847858025147,-35,D
TAMENGLONG,25.064871099999998,93.5465432111695,-50,D
UKHRUL,25.311073800000003,94.47537752375742,-15,N
AIZWAL,23.838881200000003,92.62433602446347,14,N
CHAMPHAI,23.4787183,93.3198879,-43,D
KOLASIB,24.1985277,92.71606801518978,11,N
LAWNGTLAI,22.34596495,92.8119536068969,-28,D
LUNGLEI,22.898553,92.75192291719874,-16,N
MAMIT,23.75590845,92.45173568830637,-1,N
SAIHA,22.4995518,92.97798988717027,-23,D
SERCHHIP,23.385892300000002,92.930598908176,-46,D
DHALAI,23.8253158,91.9732226716333,41,E
GOMATI,23.4987407,91.2999111,-6,N
KHOWAI,24.04673835,91.62320953646798,41,E
NORTH TRIPURA,24.092147599999997,92.24512135019847,37,E
SIPAHIJALA,23.53074455,91.30156539030573,-30,D
SOUTH TRIPURA,23.5,91.666667,39,E
UNAKOTI,24.19098485,92.04604830534434,28,E
WEST TRIPURA,23.916667,91.5,30,E
GANGTOK,27.329046,88.6122673,-3,N
GYALSHING,27.41851735,88.18083382964556,17,N
MANGAN,27.52996555,88.40250603680548,36,E
NAMCHI,27.3031019,88.37859609224414,15,N
PAKYONG,27.22893495,88.647119625,2,N
SORENG,27.1706415,88.1994573,8,N
ALIPURDUAR,26.4851573,89.5246926,14,N
COOCH BEHAR,26.3223696,89.4592445,22,E
DARJEELING,27.0377554,88.263176,-7,N
JALPAIGURI,26.62628045,88.73344851670664,-4,N
KALIMPONG,27.0702869,88.4723676,5,N
MALDA,25.0057449,88.1398483,2,N
NORTH DINAJPUR,25.981,88.051,-52,D
SOUTH DINAJPUR,25.3715,88.5565,-8,N
BANKURA,23.132376999999998,87.20819250835955,9,N
BIRBHUM,24.06215315,87.69828228934051,-20,D
EAST MIDNAPORE,22.052110749999997,88.07124658150045,-30,D
HOOGHLY,22.90994025,88.01208246766723,8,N
HOWRAH,22.5736296,88.3251045,9,N
JHARGRAM,22.4538505,86.9949477,-25,D
KOLKATA,22.5726459,88.3638953,-9,N
MURSHIDABAD,24.1745993,88.2721335,-32,D
NADIA,23.4847374,88.55670673333935,-27,D
NORTH 24 PARGANAS,22.692681450000002,88.66257945063968,-7,N
PASCHIM BARDHAMAN,23.600297849999997,87.30413008873047,19,N
PURBA BARDHAMAN,23.388408849999998,87.96067626428223,-17,N
PURULIA,23.2020967,86.32289877475208,-5,N
SOUTH 24 PARGANAS,22.1776733,88.53078530426869,-18,N
WEST MIDNAPORE,22.4207025,87.3269963,-9,N
ANGUL,20.8382426,85.0973949,-13,N
BALASORE,21.5006421,86.919884,-42,D
BARGARH,21.347763399999998,83.65768298821486,-8,N
BHADRAK,21.0633288,86.5053731,-43,D
BOLANGIR,20.7502257,83.2499464,-12,N
BOUDHGARH,20.8418,84.32,13,N
CUTTACK,20.4686,85.8792,3,N
DEOGARH,24.4898318,86.6990182,-25,D
DHENKANAL,20.835149350000002,85.60223048169827,9,N
GAJAPATI,19.1966026,84.19306336169709,-10,N
GANJAM,19.3883898,85.0496786,-7,N
JAGATSINGHPUR,20.2593872,86.1660878,-3,N
JAJPUR,20.8522696,86.3385714,-26,D
JHARSUGUDA,21.87705125,84.00905063735019,-21,D
KALAHANDI,19.82657565,83.04087019477804,-17,N
KANDHAMAL,20.13069385,84.07904760590154,-19,N
KENDRAPARA,20.50040085,86.43170622796478,-27,D
KEONJHARGARH,21.6289,85.5817,-28,D
KHURDA,21.74013115,77.20039488886692,-9,N
KORAPUT,18.7232023,82.61005964425227,11,N
MALKANGIRI,18.35835435,81.89823748747048,42,E
MAYURBHANJ,21.915633800000002,86.39618239522102,-24,D
NAWAPARA,24.894842699999998,87.84391258263065,17,N
NAYAGARH,20.1160666,85.11195643843573,2,N
NAWARANGPUR,19.2277,82.5491,-7,N
PURI,19.8076083,85.8252538,-29,D
RAYAGADA,18.965998550000002,84.19287455014992,-9,N
SAMBALPUR,21.4706422,83.98368580351055,-16,N
SONEPUR,25.7094769,85.13552177142104,11,N
SUNDARGARH,22.13327195,83.97965279931319,-17,N
BOKARO,23.699127949999998,85.99106894165021,6,N
CHATRA,24.20162495,84.87817691941733,-24,D
DEOGHAR,24.4766423,86.60673245386945,-32,D
DHANBAD,23.7952809,86.4309638,21,E
DUMKA,24.2538512,87.30064714192224,-13,N
EAST SINGBHUM,22.4867,86.4997,-15,N
WEST SINGBHUM,22.3651,85.437,-24,D
GARHWA,24.15529035,83.82522584408349,8,N
GIRIDIH,24.1608897,86.25113503301655,-1,N
GODDA,24.74334305,87.2928506179686,-27,D
GUMLA,23.0916741,84.5738480719802,-17,N
HAZARIBAG,23.9924352,85.3616252,-20,D
JAMTARA,23.9630448,86.8027604,-16,N
KHUNTI,23.10018105,85.3454593617985,1,N
KODERMA,24.4931239,85.55608107203881,-11,N
LATEHAR,23.6880057,84.49695511086065,5,N
LOHARDAGA,23.46920055,84.73568423071751,-39,D
PAKUR,24.53259085,87.59323197586771,-52,D
PALAMU,24.22129825,84.17255645743987,1,N
RAMGARH,25.30401285,83.68084424934261,-10,N
RANCHI,23.3700501,85.3250387,6,N
SAHIBGANJ,25.244263,87.6348084,-15,N
SERAIKELA-KHARSAWAN,22.8232012,85.91973201600408,1,N
SIMDEGA,22.6664325,84.5502679119221,11,N
ARARIA,26.26510125,87.36994367279917,-21,D
ARWAL,25.18128315,84.65966477186029,9,N
AURANGABAD,24.75,84.5,6,N
BANKA,43.1278266,-1.3728388,-17,N
BEGUSARAI,25.5125411,86.08833919362361,-37,D
BHABUA,25.07634815,83.63359775892343,-35,D
BHAGALPUR,25.286135350000002,87.13042293057262,-35,D
BHOJPUR,25.25,84.25,-20,D
BUXAR,25.5716195,83.9729568,-5,N
DARBHANGA,26.082989949999998,86.03249509324232,-50,D
EAST CHAMPARAN,26.639326099999998,84.89901361577535,-32,D
GAYA,24.7964355,85.0079563,4,N
GOPALGANJ,26.42111655,84.37391327996377,-31,D
JAHANABAD,25.2133,84.9853,-26,D
JAMUI,24.9669183,86.17404181759059,-5,N
KATIHAR,25.5586421,87.64571962485962,-29,D
KHAGARIA,25.4930513,86.69822644137813,-25,D
KISHANGANJ,26.29841435,87.94667148301295,-2,N
LAKHISARAI,25.1677639,86.0593915399368,-16,N
MADHEPURA,25.9259562,86.82042961035677,-33,D
MADHUBANI,26.3503076,86.22964236520482,-53,D
MONGHYR,25.3773519,86.4731039,-36,D
MUZAFFARPUR,26.1482548,85.3316096785584,-44,D
NALANDA,25.1364914,85.44365464855682,-4,N
NAWADA,24.817324900000003,85.51790846584018,24,E
PATNA,25.6093239,85.1235252,-38,D
PURNEA,25.7773601,87.4731227,-41,D
ROHTAS,24.93941425,84.01970311897313,-26,D
SAHARSA,25.83307565,86.61437508111757,-48,D
SAMASTIPUR,25.77478845,85.867231389952,-44,D
SARAN,25.9214451,84.77597313027485,-50,D
SHEIKHPURA,25.1250741,85.81607708105014,8,N
SHEOHAR,26.49342335,85.27175608137802,-36,D
SITAMARHI,26.5942841,85.500428,-44,D
SIWAN,26.131008,84.39107448141786,-8,N
SUPAUL,26.2768089,86.79596143977405,-24,D
VAISHALI,25.954423650000003,85.14486678662564,-50,D
WEST CHAMPARAN,27.0518367,84.33512093905162,-13,N
AMBEDKAR NAGAR,26.40459405,82.60651543340809,-4,N
AMETHI,26.346274049999998,81.62520390649198,-52,D
AYODHYA,26.6382763,82.05850340767219,-14,N
AZAMGARH,26.023639000000003,83.02931045602446,-24,D
BAHRAICH,27.734382250000003,81.47653998303304,19,N
BALLIA,25.87495945,84.12103292973015,-10,N
BANDA,47.1220366,17.7795783,-17,N
BARABANKI,26.942140600000002,81.38560869842297,1,N
BASTI,27.25,83.0,56,E
BHADOHI,25.424304,82.4883922872558,-37,D
CHANDAULI,25.125695049999997,83.24946012689054,-47,D
CHITRAKOOT,25.21713895,81.10459272134409,14,N
DEORIA,26.423991100000002,83.7638577758042,-52,D
FARRUKHABAD,27.43620025,79.48947783586553,-25,D
FATEHPUR,25.8348023,80.91545468512774,-56,D
GHAZIPUR,25.60348625,83.50758884009142,8,N
GONDA,27.1103723,81.92389055909715,-12,N
GORAKHPUR,26.6677977,83.364233378331,-14,N
HARDOI,27.336997750000002,80.09982319183257,-9,N
JAUNPUR,25.7967065,82.4888992436659,-54,D
KANNAUJ,26.9986675,79.69279463324783,19,N
KANPUR CITY,26.4551032,80.3512287,-34,D
KANPUR DEHAT,26.45856395,79.85480520543226,-42,D
KAUSHAMBI,25.5342456,81.44935673966953,-18,N
KHERI,28.116667,80.716667,2,N
KUSHI NAGAR,12.9991596,77.5698374,-59,D
LUCKNOW,26.8381,80.9346001,1,N
MAHARAJGANJ,27.09360245,83.56606806432684,20,E
MAU,26.03909045,83.49858462133619,-42,D
MIRZAPUR,24.9316896,82.62801628419575,-35,D
PRAYAGRAJ,25.4381302,81.8338005,-20,D
RAE BAREILLY,26.25019525,81.3809567121909,-40,D
SANT KABIR NAGAR,26.755082,83.03985451976092,-1,N
SHRAWASTI NAGAR,19.1558325,72.8403354,-10,N
SIDDHARTH NAGAR,16.70376055,74.22322341987822,-4,N
SITAPUR,27.502674749999997,80.833513937751,-32,D
SONBHADRA,24.4148159,83.0637516718631,11,N
SULTANPUR,26.260473150000003,82.23805321467546,-3,N
UNNAO,26.5673264,80.61981926788883,-38,D
VARANASI,25.3356491,83.0076292,-2,N
AGRA,27.1752554,78.0098161,19,N
ALIGARH,27.8761073,78.13581531245276,-46,D
AMROHA,28.90662,78.4707309,-59,D
AURAIYA,26.65582145,79.51607566959635,82,LE
BADAUN,28.0649367,79.04383198989238,7,N
BAGHPAT,28.97024845,77.3341671760283,-27,D
BAREILLY,28.45823445,79.40474517998476,23,E
BIJNOR,29.4074203,78.48214063370122,-20,D
BULANDSHAHAR,28.5246712,77.5996529,-30,D
ETAH,27.5550357,78.59922214449577,57,E
ETAWAH,26.715562900000002,79.09170983360895,-25,D
FIROZABAD,27.178397150000002,78.38936471833091,25,E
GAUTAM BUDDHA NAGAR,28.3695198,77.59708927492271,-79,LD
GHAZIABAD,28.7678881,77.46066723508514,-33,D
HAPUR,28.739459150000002,77.83517038273197,-48,D
HATHRAS,27.5724324,78.11162088731544,-1,N
JALAUN,26.104863299999998,79.39191362484078,20,E
JHANSI,25.529855,78.65278023546288,-28,D
KASGANJ,27.88422635,78.63387553623119,12,N
LALITPUR,24.6999688,78.51861997577222,20,E
MAHOBA,25.36159385,79.70601096636403,-30,D
MAINPURI,27.20930715,79.06253691568566,-1,N
MATHURA,27.633333,77.583333,-37,D
MEERUT,29.0018557,77.76796714992041,-28,D
MORADABAD,28.879655300000003,78.80953353954959,15,N
MUZAFFARNAGAR,29.44969785,77.74293325807088,-24,D
PILIBHIT,28.4947158,80.1076121626605,-44,D
RAMPUR,28.7934728,79.18458064228349,1,N
SAHARANPUR,29.9856799,77.50406459058038,-56,D
SAMBHAL,28.6187267,78.5508909140845,-19,N
SHAHJAHANPUR,27.9128583,79.74762537616267,-24,D
SHAMLI,29.4976372,77.34722114724295,-80,LD
ALMORA,29.70265095,79.43263182057746,0,N
BAGESHWAR,30.0087902,79.92801830528973,207,LE
CHAMOLI,30.49859555,79.61905372220383,63,LE
CHAMPAWAT,29.235032,80.10230681491865,-9,N
DEHRADUN,30.3255646,78.0436813,16,N
GARHWAL PAURI,30.1479882,78.7759518,-45,D
GARHWAL TEHRI,30.5,78.666667,-5,N
HARDWAR,29.9384473,78.1452985,-20,D
NAINITAL,29.29499495,79.41625112686134,-22,D
PITHORAGARH,30.126497450000002,80.48169891016147,-1,N
RUDRAPRAYAG,30.28656,78.98072,-13,N
UDHAM SINGH NAGAR,29.04783135,79.43261636543795,1,N
UTTARKASHI,30.9635733,78.63625207073864,-13,N
AMBALA,30.3843674,76.770421,-30,D
BHIWANI,28.7931703,76.1391283,-12,N
CHARKHI DADRI,28.5919933,76.2719817,-14,N
FARIDABAD,28.4031478,77.3105561,-16,N
FATEHABAD,27.02766825,78.2074341134146,12,N
GURGAON,28.4646148,77.0299194,22,E
HISAR,29.080640950000003,75.788754109493,-26,D
JHAJJAR,28.53364155,76.68981477716189,16,N
JIND,29.30219685,76.33894452216312,-17,N
KAITHAL,29.82231125,76.3790553562613,-37,D
KARNAL,29.6803266,76.9896254,-54,D
KURUKSHETRA,29.9693747,76.8482787,-18,N
MAHENDRAGARH,28.25,76.166667,47,E
NUH,27.99351765,77.04196338756515,57,E
PALWAL,28.1405741,77.3259802,-27,D
PANCHKULA,30.6975401,76.8551066,-43,D
PANIPAT,29.3912753,76.9771675,0,N
REWARI,28.1956468,76.6165179,3,N
ROHTAK,28.9010899,76.5801935,-28,D
SIRSA,29.583333,75.083333,16,N
SONEPAT,28.99197,77.0342633,-17,N
YAMUNA NAGAR,19.1481254,72.827599,-46,D
CENTRAL DELHI,28.699009500000003,77.23146337815574,-16,N
EAST DELHI,28.6117432,77.29827941818031,20,E
NEW DELHI,28.6138954,77.2090057,32,E
NORTH DELHI,28.78722785,77.09809032829239,88,LE
NORTH EAST DELHI,28.72330795,77.26685650778668,7,N
NORTH WEST DELHI,28.737914449999998,77.01006262588218,74,LE
SOUTH DELHI,28.485169399999997,77.19636520348229,-24,D
SOUTH WEST DELHI,28.58644805,76.97915298462692,20,E
WEST DELHI,28.6545456,77.0810555082151,-14,N
AMRITSAR,31.6343083,74.8736788,-6,N
BARNALA,30.3716802,75.5039886995367,-25,D
BHATINDA,30.25,75.0,-56,D
FARIDKOT,30.6014507,74.79501756894368,-6,N
FATEHGARH SAHIB,30.663404149999998,76.38030001704635,-48,D
FAZILKA,30.3198406,74.1217943299535,-33,D
FEROZEPUR,30.6839733,76.3594033,-48,D
GURDASPUR,31.9037264,75.22755867008682,-15,N
HOSHIARPUR,31.60929415,75.84597544153354,-47,D
JALANDHAR,31.29223115,75.56788777097373,-36,D
KAPURTHALA,31.38564755,75.30533042971072,-10,N
LUDHIANA,30.9090157,75.851601,-25,D
MANSA,29.8764133,75.48895639945275,-25,D
MOGA,30.7877554,75.15935898836224,-41,D
MUKTSAR,30.4692,74.5182,-29,D
PATHANKOT,32.3021899,75.65894063717977,14,N
PATIALA,30.20927775,76.33972313649818,-16,N
RUPNAGAR,31.0917102,76.52897012920695,-32,D
SANGRUR,30.135717,75.85333259556887,-14,N
SAS NAGAR (MOHALI),30.6904366,76.7116208,-57,D
SBS NAGAR,30.8260412,75.1989654,-43,D
TARN TARAN,31.32124525,74.84166874384624,65,LE
CHAMBA,32.5,76.5,-32,D
KANGRA,32.166667,76.25,-7,N
KINNAUR,31.593012950000002,78.32814168568953,-42,D
KULLU,32.00186325,77.37899639741332,-26,D
LAHAUL & SPITI,32.368507,78.08627749298995,-71,LD
MANDI,31.7084496,76.9293782,-6,N
SHIMLA,31.1041526,77.1709729,13,N
SIRMAUR,30.75,77.5,-15,N
SOLAN,30.92589585,77.08200509063624,-26,D
UNA,31.583333,76.25,-31,D
ANANTNAG,33.7368773,75.1455138,-51,D
BADGAM,34.0366398,74.72254286484204,-51,D
BANDIPORE,34.4563234,74.68249997667994,-56,D
BARAMULA,34.2086903,74.343498,15,N
DODA,33.1774307,75.56752281893789,-41,D
GANDERBAL,34.192763049999996,74.77001573026513,-27,D
JAMMU,32.7185614,74.8580917,0,N
KATHUA,32.583333,75.5,-28,D
KULGAM,33.669800550000005,75.01480232217389,-68,LD
KUPWARA,34.5266079,74.2567173,-25,D
POONCH,33.702939,74.24990151547188,-76,LD
PULWAMA,33.8756947,74.9003129,-5,N
RAJOURI,33.3772495,74.3132332,-9,N
RAMBAN,33.2387042,75.2404448,-35,D
REASI,33.069103150000004,74.8378698208889,-49,D
SAMBA,32.57591175,75.12034455530063,19,N
SHOPIAN,33.72078365,74.77142439698211,-82,LD
SRINAGAR,34.0747444,74.8204443,-28,D
UDHAMPUR,33.0,75.166667,-15,N
KARGIL,33.802819,76.4730095688732,42,E
LADAKH (LEH),34.1642029,77.5848133,45,E
AJMER,26.4691,74.639,69,LE
ALWAR,27.414004849999998,76.61703869600933,63,LE
BANSWARA,23.49150465,74.35021720129201,0,N
BARAN,24.92081645,76.6821984669639,19,N
BHARATPUR,27.024695899999998,77.29201163357268,51,E
BHILWARA,25.48911765,74.33007256947698,29,E
BUNDI,25.4367659,75.736147085863,54,E
CHITTORGARH,24.7171578,74.47181293724019,8,N
DAUSA,26.80486585,76.44374569929329,130,LE
DHOLPUR,23.37500285,78.40474045028319,76,LE
DUNGARPUR,23.672305299999998,73.81664192753466,-7,N
JAIPUR,26.9154576,75.8189817,76,LE
JHALAWAR,24.3132368,76.52210783164801,-8,N
JHUNJHUNU,28.0810679,75.37924775151512,33,E
KARAULI,26.4530971,77.0160460838982,97,LE
KOTA,25.196682950000003,76.00096873038872,20,E
RAJSAMAND,25.2892459,73.8241077454327,39,E
SAWAI MADHOPUR,26.1137182,76.4240637330536,84,LE
SIKAR,27.662505799999998,75.02799052644464,39,E
SIROHI,24.811404699999997,72.83002573160249,-8,N
TONK,26.122266000000003,75.82386305157223,98,LE
UDAIPUR,24.578721,73.6862571,-1,N
BARMER,25.5814853,71.19249222700306,60,LE
BIKANER,28.0159286,73.3171367,88,LE
CHURU,28.20477805,74.69129960764752,64,LE
HANUMANGARH,29.3659533,74.29842896506344,41,E
JAISALMER,27.0264162,70.77751197645885,159,LE
JALORE,25.27186295,72.43881214602396,4,N
JODHPUR,26.2967719,73.0351433,72,LE
NAGAUR,26.9873443,73.73890107316704,77,LE
PALI,25.45522105,73.4193889559074,48,E
SRI GANGANAGAR,29.54807325,73.83389485608284,71,LE
ANUPPUR,23.0346179,81.75102551563023,22,E
BALAGHAT,21.8611589,80.3237104768576,-12,N
CHHATARPUR,24.75,79.75,-5,N
CHHINDWARA,22.20718965,78.79883295930742,30,E
DAMOH,23.75,79.583333,-8,N
DINDORI,22.9446796,81.0774969,7,N
JABALPUR,23.1608938,79.9497702,-3,N
KATNI,23.7477258,80.40158570175886,14,N
MANDLA,22.687107400000002,80.58163411525186,20,E
NARSINGHPUR,22.93455595,79.08678489806229,3,N
NIWARI,25.3123152,78.66756404982684,52,E
PANNA,24.5,80.25,3,N
REWA,24.75608455,81.38105738502682,-26,D
SAGAR,23.808307550000002,78.75825398721975,15,N
SATNA,24.5,81.0,-9,N
SEONI,22.2748109,79.72025222428486,37,E
SHAHDOL,23.3002343,81.364771,17,N
SIDHI,24.25,82.0,32,E
SINGRAULI,24.1974432,82.6661453,44,E
TIKAMGARH,24.85521045,79.04725459918899,14,N
UMARIA,23.64318365,80.94190777719564,4,N
AGAR-MALWA,23.935091999999997,76.14495952354727,17,N
ALIRAJPUR,22.28595245,74.35456282607561,46,E
ASHOKNAGAR,24.576189,77.7302895,22,E
BARWANI,22.0333621,74.8978374,25,E
BETUL,21.8797472,77.87536507259225,3,N
BHIND,26.5,78.75,43,E
BHOPAL,23.2584857,77.401989,30,E
BURHANPUR,26.269739549999997,82.99508798317166,13,N
DATIA,25.75,78.5,-11,N
DEWAS,23.0,76.166667,11,N
DHAR,22.578657200000002,75.22586367245644,-7,N
GUNA,24.5,77.5,22,E
GWALIOR,26.2037247,78.1573628,23,E
HARDA,22.3388828,77.0929933,-10,N
INDORE,22.7203616,75.8681996,-10,N
JHABUA,22.88696515,74.72432486327068,-2,N
KHANDWA,21.9769779,76.56753443408948,10,N
KHARGONE,21.825599,75.614182,18,N
MANDSAUR,24.2628148,75.38569204340352,1,N
MORENA,26.166667,77.5,11,N
NARMADAPURAM,22.60028325,77.92698480384354,-1,N
NEEMUCH,24.63055165,75.18289996326385,23,E
RAISEN,23.25,78.083333,14,N
RAJGARH,23.87167065,76.77447033719486,28,E
RATLAM,23.50222005,74.9551534052134,5,N
SEHORE,23.115004149999997,77.06653558236647,4,N
SHAJAPUR,23.41710015,76.60747942907905,5,N
SHEOPUR,25.6656611,76.6954843,82,LE
SHIVPURI,25.374121549999998,77.82788660942335,36,E
UJJAIN,23.1885131,75.7716562,-16,N
VIDISHA,23.5208128,77.8063184,6,N
AHMEDABAD,23.0215374,72.5800568,17,N
ANAND,22.5586555,72.9627227,30,E
ARAVALLI,23.48432165,73.3986095810327,11,N
BANASKANTHA,24.26939205,72.1620246197068,-6,N
BHARUCH,21.82728385,72.89284864362733,51,E
CHHOTA UDEPUR,22.3148736,74.0141067,16,N
DAHOD,22.919409899999998,74.13427251978064,5,N
DANGS,20.75,73.75,7,N
GANDHINAGAR,23.2232877,72.6492267,10,N
KHEDA,22.75,72.833333,38,E
MAHISAGAR,23.19121945,73.6644398400249,24,E
MEHSANA,23.601262849999998,72.37415155167554,25,E
NARMADA,21.73926245,73.6262457912427,26,E
NAVSARI,20.952407,72.9323831,37,E
PANCHMAHAL,22.69780985,73.59806821441484,18,N
PATAN,23.773753,71.67985812598445,11,N
SABARKANTHA,23.868850549999998,73.01378404622145,3,N
SURAT,45.9383,3.2553,40,E
TAPI,21.1916567,73.55606306168934,14,N
VADODARA,22.2973142,73.1942567,17,N
VALSAD,20.43219565,73.14098929730321,28,E
AMRELI,21.4176122,71.24960898982046,20,E
BHAVNAGAR,21.7718836,72.1416449,11,N
BOTAD,22.046709749999998,71.66896169930108,4,N
DEVBHOOMI DWARKA,22.2105363,69.653336,290,LE
GIR SOMNATH,20.9298181,70.76275783253665,14,N
JAMNAGAR,22.4732415,70.0552102,111,LE
JUNAGADH,21.5220416,70.4582458,89,LE
KUTCH,23.583333,70.0,131,LE
MORBI,22.8176662,70.8345928,84,LE
PORBANDAR,21.6409,69.611,151,LE
RAJKOT,22.3053263,70.8028377,70,LE
SURENDRANAGAR,22.75,71.666667,17,N
NORTH GOA,15.60444125,74.00172406307475,46,E
SOUTH GOA,15.219624,74.1159084575026,45,E
AMRAOTI,20.932,77.7523,-3,N
MUMBAI CITY,18.9733536,72.82810491917377,15,N
MUMBAI SUBURBAN,19.0785451,72.878176,24,E
PALGHAR,19.757249,73.09311986183509,25,E
RAIGAD,18.4928092,73.13807095426539,22,E
RATNAGIRI,17.282607900000002,73.4569787039826,25,E
SINDHUDURG,16.135719299999998,73.65220860183584,41,E
THANE,19.1943294,72.9701779,9,N
AHMEDNAGAR,19.162772500000003,74.85802430085195,76,LE
CHH. SAMBHAJINAGAR,19.8992897,75.3194924,15,N
DHULE,21.1305215,74.49006143365727,46,E
JALGAON,20.84288265,75.52612463784979,46,E
KOLHAPUR,16.7028412,74.2405329,45,E
NANDURBAR,21.51416215,74.54055132515717,29,E
NASHIK,20.0112475,73.7902364,49,E
PUNE,18.521428,73.8544541,58,E
SANGLI,17.1726928,74.58676543279755,73,LE
SATARA,17.63612885,74.29827807601782,24,E
SHOLAPUR,17.6599,75.9064,40,E
BEED,18.9918442,75.90978399809711,34,E
DHARASHIV,18.16984395,76.11796321159572,33,E
HINGOLI,19.54311635,77.17394323993398,-50,D
JALNA,19.918832950000002,75.87085986165867,12,N
LATUR,18.35159075,76.75542361334745,40,E
NANDED,19.09400875,77.48319215130235,0,N
PARBHANI,19.29019805,76.60264434278307,11,N
AKOLA,20.76181225,77.1921156663574,9,N
BHANDARA,21.1225869,79.79450898891825,3,N
BULDHANA,20.562845000000003,76.40869861474177,20,E
CHANDRAPUR,20.0967555,79.50454752230621,18,N
GADCHIROLI,19.759070350000002,80.16228072580182,25,E
GONDIA,21.455228,80.1962729,-9,N
NAGPUR,21.1498134,79.0820556,7,N
WARDHA,20.82562315,78.61314549522919,32,E
WASHIM,20.287417750000003,77.23696550258964,10,N
BALOD,20.7277192,81.1446947513626,11,N
BALODA BAZAR,21.573184750000003,82.2994820805541,24,E
BASTAR,19.11912825,81.82918648971713,-1,N
BEMETARA,21.6783867,81.44125784340252,-43,D
BIJAPUR,16.8269911,75.7175387,68,LE
DANTEWADA,18.8640648,81.38339468738648,10,N
DHAMTARI,20.7084545,81.5481305,-8,N
DURG,21.1982964,81.40079215767969,-26,D
GARIABAND,20.42921465,82.25255842887256,-1,N
GAURELA-PENDRA-MARWAHI,22.83131855,81.95896604969082,14,N
JANJGIR-CHAMPA,21.986403,82.55366063452159,13,N
JASHPUR,22.770251000000002,83.97080132252168,-28,D
KABIRDHAM,22.115008500000002,81.24469439285053,0,N
KANKER,20.2692747,81.4932111,-6,N
KHAIRAGARH-CHHUIKHADAN-GANDAI,21.52884895,80.94843264259666,8,N
KONDAGAON,19.5885769,81.6628742,-9,N
KORBA,22.5198217,82.63500285150224,20,E
KOREA,37.9528488,126.73311710879327,3,N
MAHASAMUND,21.19228455,82.48902633077708,-15,N
MOHALA-MANPUR-CHOWKI,20.5788164,80.7466269,17,N
MUNGELI,22.0661098,81.6874282,21,E
NARAYANPUR,24.04358345,86.58061280011054,4,N
RAIGARH,22.5,83.5,-7,N
RAIPUR,21.2380912,81.6336993,-7,N
RAJNANDGAON,21.06844245,80.797077941564,0,N
SAKTI,-8.7060094,115.4819099,-7,N
SARANGARH-BILAIGARH,21.54278085,83.12613574533323,-28,D
SUKMA,18.26654225,81.29252341475065,31,E
SURAJPUR,23.357776899999998,82.97612766699449,-4,N
SURGUJA,22.94691345,83.1656942260687,-40,D
ANAKAPALLI,17.671533099999998,82.77475669632513,50,E
ANANTAPURAMU,14.6819,77.6006,88,LE
BAPATLA,15.9052608,80.4680501,2,N
DR B R AMBEDKAR KONASEEMA,16.645074049999998,82.08243228248753,37,E
EAST GODAVARI,16.99566385,81.71543778889063,28,E
ELURU,16.7104257,81.1153816,41,E
GUNTUR,16.2915189,80.4541588,34,E
KAKINADA,16.9437385,82.2350607,30,E
KUMARAM BHEEM,19.3576,79.4704,13,N
KRISHNA,16.21277,81.03069575082347,35,E
NTR DISTRICT,16.816911750000003,80.25022993069638,31,E
PALNADU,16.32310375,79.69750488987478,13,N
PARVATHIPURAM MANYAM,18.75149845,83.54874728260714,21,E
PRAKASAM,15.6589741,79.47164372680194,3,N
SPSR NELLORE,14.71875825,79.65961022770595,21,E
SRI ALLURI SITHARAMARAJU DISTRICT,17.4398097,81.7769722,22,E
SRIKAKULAM,18.2949307,83.8938844,18,N
VISHAKHAPATNAM,17.6868,83.2185,36,E
VIZIANAGARAM,18.1139259,83.3979562,19,N
WEST GODAVARI,16.64430285,81.58852467942901,51,E
YEOTMAL,20.3899,78.1307,24,E
ANNAMAYYA DISTRICT,13.89590335,78.87124015614349,26,E
CHITTOOR,13.1601048,79.15555061803596,43,E
KURNOOL,15.8309251,78.0425373,26,E
MANENDRAGARH-CHIRMIRI-BHARATPUR,23.70199, 81.78208,2,N
NANDYAL,15.475377349999999,78.47855756523148,52,E
SRI SATHYASAI DISTRICT,11.474359849999999,75.6452629645743,104,LE
TIRUPATI,13.6316368,79.4231711,24,E
YSR DISTRICT,14.6919995,78.65883804944356,13,N
ADILABAD,19.54570375,78.60867589700759,-6,N
B. KOTHAGUDEM,19.324255,79.4999564,20,E
HANUMAKONDA,18.032699,79.42839689575725,38,E
HYDERABAD,17.360589,78.4740613,5,N
J. BHUPALPALLY,18.4381466,79.8684969,19,N
JAGTIAL,18.82135895,78.91506632525903,32,E
JANGAON,17.746584300000002,79.24072182693956,-9,N
JOGULAMBA GADWAL,16.0999202,77.73415835077523,57,E
KAMAREDDY,18.316551,78.05393808043348,-7,N
KARIMNAGAR,18.4348122,79.1328042,33,E
KHAMMAM,17.172918850000002,80.40575365751027,13,N
M. MALKAJGIRI,17.4511764,78.5368997,24,E
MAHABUBABAD,17.7138983,80.04134252767227,17,N
MAHABUBNAGAR,16.696568550000002,77.95911462089693,60,LE
MANCHERIAL,18.9812967,79.51980961374048,3,N
MEDAK,17.9375095,78.21174498510584,-18,N
MULUGU,17.7436949,78.62977,59,E
NAGARKURNOOL,16.415762649999998,78.68304333132829,60,LE
NALGONDA,16.8579636,79.21749353315548,-8,N
NARAYANPET,16.7477612,77.4949954,95,LE
NIRMAL,19.091520950000003,78.39660898429065,9,N
NIZAMABAD,26.055317950000003,82.99313867937335,4,N
PEDDAPALLE,17.5619842,82.8327333,24,E
RAJANNA SIRCILLA,18.452116,78.76455837158737,19,N
RANGAREDDY,16.9344152,77.7788338,-14,N
SANGAREDDY,17.86859205,77.8228199507381,-26,D
SIDDIPET,18.005585099999998,78.89611304969961,6,N
SURYAPET,17.08001385,79.7925329742427,10,N
VIKARABAD,17.2702855,77.74529700637382,-1,N
TOOTHUKUDI,8.7642,78.1348,57,E
WANAPARTHY,16.285294399999998,77.98644727021286,46,E
WARANGAL,17.9820644,79.5970954,-9,N
Y. BHUVANAGIRI,17.5172789,78.8863383,-4,N
ARIYALUR,11.1530559,79.25857973608959,12,N
CHIKABALLAPURA,13.4355,77.7315,37,E
CHENGALPATTU,12.6840886,79.9836371,61,LE
CHENNAI,13.0836939,80.270186,50,E
COIMBATORE,11.0018115,76.9628425,56,E
CUDDALORE,11.74269375,79.75030644171935,59,E
DHARMAPURI,12.14561305,78.11322171666458,46,E
DINDIGUL,10.425689649999999,77.815663999998,74,LE
ERODE,11.49052815,77.35052739885393,51,E
KALLAKURICHI,11.79468465,79.03882106200822,15,N
KANCHEEPURAM,12.87960515,79.70427615297989,72,LE
KANYAKUMARI,8.079252,77.5499338,23,E
KARUR,10.821767099999999,78.38286541157868,101,LE
KRISHNAGIRI,12.5188835,78.2206536,76,LE
MADURAI,9.9261153,78.1140983,70,LE
MAYILADUTHURAI,11.1018614,79.6503162,-2,N
NAGAPATTINAM,10.7647952,79.8430779,-33,D
NAMAKKAL,11.303388949999999,78.1186040211884,29,E
NILGIRIS,11.4449997,76.69751997973526,77,LE
PERAMBALUR,11.2356695,78.8688353,62,LE
PUDUKKOTTAI,10.5,78.833333,69,LE
RAMANATHAPURAM,9.5205576,78.51846345155016,76,LE
RANIPET,12.9292452,79.3321712,92,LE
SALEM,44.9391565,-123.033121,63,LE
SIVAGANGA,9.8486881,78.4870461,83,LE
TENKASI,8.9560546,77.3058504,74,LE
THANJAVUR,10.7860267,79.1381497,13,N
THENI,9.86925575,77.42229738345591,141,LE
TIRUNELVELI,8.5495014,77.58051775636523,410,LE
TIRUPATTUR,12.490898,78.564709,51,E
TIRUPPUR,10.791526650000002,77.53254662905589,140,LE
TIRUVALLUR,13.1394221,79.9070839,61,LE
TIRUVANNAMALAI,12.2343228,79.0761989,77,LE
TIRUVARUR,10.794229,79.599975,-1,N
TRICHY,10.804973,78.6870296,37,E
VELLORE,12.9009299,79.06148441803552,65,LE
VILLUPURAM,11.9398285,79.4945645,81,LE
VIRUDHUNAGAR,9.4926289,77.86318306460637,144,LE
KARAIKAL,10.91571,79.8375761,-17,N
PUDUCHERRY,10.91564885,79.80694879844232,81,LE
DAKSHINA KANNADA,12.82264335,75.22650362528617,-3,N
UDUPI,13.3419169,74.7473232,16,N
UTTARA KANNADA,14.72537945,74.64033891105888,35,E
BAGALKOTE,16.2903648,75.5915819092485,45,E
BELAGAVI,16.15878455,74.88886197026468,28,E
BIDAR,18.02315245,77.249718672587,-16,N
DHARWAD,15.3707296,75.13328673460543,7,N
GADAG,15.41669195,75.6815801296564,27,E
HAVERI,14.7874825,75.3996731,11,N
KALABURGI,15.4387761,77.4413999,-25,D
KOPPAL,15.57482375,76.3118493692591,56,E
RAICHUR,16.054719400000003,76.90036472411589,19,N
VIJAYAPURA,16.666667,75.916667,62,LE
YADGIR,16.57441225,76.92544344576471,3,N
BALLARI,15.2485413,76.8323648,73,LE
BENGALURU RURAL,13.1826245,77.33956812783698,40,E
BENGALURU URBAN,12.94615545,77.55038444771247,20,E
CHAMARAJANAGAR,11.95442005,77.1069086262881,62,LE
CHIKKAMAGALURU,13.5,75.5,51,E
CHITRADURGA,14.3049174,76.52978524365514,117,LE
DAVANGERE,14.4661266,75.9206361,60,LE
HASSAN,13.030185249999999,76.17449676658171,-3,N
KODAGU,12.3827332,75.66407145094288,9,N
KOLAR,13.1795969,78.26718432613437,-20,D
MANDYA,12.5238888,76.8961961,49,E
MYSURU,12.3051828,76.6553609,34,E
RAMANAGARA,12.720005950000001,77.31841990623,23,E
SHIVAMOGGA,13.9326093,75.574978,22,E
TUMAKURU,13.4192512,76.88100044465654,44,E
VIJAYANAGARA,13.8552057,75.7449481,80,LE
ALAPUZHA,9.56493435,76.54448148836951,-19,N
CANNUR,41.0402591,28.8444557,15,N
ERNAKULAM,9.98408,76.2741457,-23,D
IDUKKI,9.815478500000001,76.99915994809137,-31,D
KASARGOD,12.4914722,74.9877613,-13,N
KOLLAM,8.8879509,76.5955013,-10,N
KOTTAYAM,9.6287383,76.64553257390992,-2,N
KOZHIKODE,11.2450558,75.7754716,-9,N
MALAPPURAM,11.10684475,76.10995510466662,-5,N
PALAKKAD,10.78736915,76.47421718925105,1,N
PATHANAMTHITTA,9.278084100000001,76.97374429915658,-11,N
THIRUVANANTHAPURAM,8.4882267,76.947551,11,N
THRISSUR,10.5270099,76.214621,-8,N
WYNAD,9.329189549999999,76.7265649592292,-29,D
LAKSHADWEEP,10.3337313,72.92053859204833,41,E
